Authors,Frequency
Andrew Brown,1
Joel Khalili,6
Carrie-Ann Skinner,1
Wael Elrifai,1
Xue Bai,1
Elif Tutuk,1
Stéphane Vallois,1
Mike Moore,1
Shailendra Kumar,1
Iain Brown,1
Neil McIlroy,1
Becca Caddy,1
Cat Ellis,1
James O'Malley,1
Kevin Lee,1
Duncan Geere,13
Jamie Carter,3
Joe Osborne,1
David Nield,2
Michelle Fitzsimmons,1
Andrew London,1
Jon Mundy,1
Darren Allan,3
Jackie Thomas,2
David Howell,1
David Senior,2
Chuong Nguyen,1
Jamie Hinks,1
Matt Swider,1
Sam Gibbs,1
PC Plus,1
Mark Harris,2
Mark Harris in Seattle,1
Alex Hughes,1
Sead Fadilpašić,7
James Peckham,1
Albert Liu,1
Marc Vontobel,1
John Loeffler,1
Mayank Sharma,13
Anna Sevilla,2
Steve McCaskill,1
TechRadar Pro,1
Balakumar K,2
Abigail Opiah,1
Matt Hanson,1
Darcy French,1
Lauren Farrell,1
Nick Pino,1
Anthony Spadafora,1
Ritoban Mukherjee,1
Sponsored,2
Rob Clymo,1
Jonas P. DeMuro,1
